rollno,student_id,name,study_hours,attendance,internet_access,play_hours,assignments_completed,sleep_hours,marks
1,5008,Student_1,2,60,Yes,4,9,6,35
2,1496,Student_2,6,88,No,3,6,6,42
3,2463,Student_3,2,92,Yes,2,10,7,46
4,7828,Student_4,5,80,No,1,15,5,50
5,5253,Student_5,5,66,Yes,1,10,7,40
6,1493,Student_6,6,82,No,1,14,7,48
7,6065,Student_7,6,81,No,4,14,7,43
8,6430,Student_8,6,78,No,0,18,8,53
9,2426,Student_9,2,70,Yes,4,15,8,44
10,2793,Student_10,3,70,Yes,3,10,7,39
11,3723,Student_11,6,89,Yes,0,18,5,59
12,1658,Student_12,8,72,No,3,13,7,40
13,5761,Student_13,1,55,Yes,0,15,6,35
14,8630,Student_14,1,71,No,4,12,8,38
15,9741,Student_15,2,99,Yes,1,12,8,54
16,9834,Student_16,6,87,Yes,2,5,7,43
17,5350,Student_17,9,86,Yes,1,9,7,46
18,1207,Student_18,4,94,Yes,4,11,5,51
19,5190,Student_19,3,57,No,0,10,5,32
20,2883,Student_20,8,90,Yes,1,9,6,50
21,3886,Student_21,9,98,Yes,4,12,7,53
22,1477,Student_22,5,84,No,3,7,7,38
23,9953,Student_23,9,60,No,2,10,7,38
24,9381,Student_24,2,73,Yes,1,19,8,56
25,7854,Student_25,3,98,Yes,0,9,6,49
26,1755,Student_26,7,70,No,3,12,5,45
27,5931,Student_27,7,51,No,4,8,8,34
28,6724,Student_28,6,89,No,2,12,8,45
29,5150,Student_29,6,68,Yes,0,14,8,55
30,5060,Student_30,2,88,Yes,4,18,8,56
31,5765,Student_31,6,77,Yes,4,19,6,55
32,4612,Student_32,4,66,No,1,6,7,33
33,7553,Student_33,3,55,No,1,13,5,40
34,8378,Student_34,2,68,No,0,17,5,42
35,2689,Student_35,1,87,Yes,4,13,8,50
36,2316,Student_36,5,77,No,1,19,8,48
37,8130,Student_37,2,51,Yes,2,18,6,45
38,4186,Student_38,2,87,No,2,14,8,46
39,6789,Student_39,7,86,Yes,4,14,5,51
40,2145,Student_40,8,53,Yes,1,17,5,50
41,5394,Student_41,8,71,No,0,10,7,46
42,8942,Student_42,4,75,Yes,0,8,7,45
43,8548,Student_43,1,98,No,0,8,5,46
44,1560,Student_44,7,92,Yes,2,17,5,55
45,2912,Student_45,1,85,No,1,10,6,44
46,2864,Student_46,4,62,No,1,9,6,30
47,1296,Student_47,8,81,Yes,2,10,5,44
48,3409,Student_48,2,66,No,0,11,8,44
49,8630,Student_49,6,90,Yes,0,11,7,50
50,2461,Student_50,6,85,No,4,13,5,41
51,5292,Student_51,9,95,No,3,12,8,59
52,3268,Student_52,5,68,No,1,17,5,48
53,1994,Student_53,4,84,No,1,10,7,46
54,7554,Student_54,5,95,Yes,1,16,7,54
55,1007,Student_55,5,89,No,3,10,6,45
56,3515,Student_56,8,77,No,4,19,6,54
57,2417,Student_57,8,50,Yes,3,18,6,44
58,3316,Student_58,2,91,Yes,0,9,6,45
59,8358,Student_59,7,67,Yes,0,5,7,33
60,4932,Student_60,8,97,Yes,1,13,8,56
61,7204,Student_61,6,89,Yes,2,13,8,56
62,2287,Student_62,5,82,Yes,1,13,8,48
63,2118,Student_63,9,61,No,2,19,5,55
64,9744,Student_64,3,57,Yes,3,15,6,37
65,8637,Student_65,4,73,No,0,12,6,42
66,1660,Student_66,9,65,Yes,2,17,7,49
67,9907,Student_67,6,99,No,3,14,7,53
68,7922,Student_68,8,53,No,0,17,5,49
69,9104,Student_69,7,87,No,2,7,5,38
70,7337,Student_70,2,93,Yes,1,5,8,41
71,3529,Student_71,3,76,Yes,1,15,7,51
72,4970,Student_72,1,58,Yes,1,16,6,43
73,4407,Student_73,9,96,Yes,3,16,8,60
74,8416,Student_74,7,65,No,1,12,6,39
75,5760,Student_75,1,61,Yes,4,11,8,38
76,2897,Student_76,3,80,No,0,17,6,54
77,7364,Student_77,4,73,No,3,9,5,32
78,9464,Student_78,4,63,Yes,1,14,8,43
79,5087,Student_79,5,94,Yes,0,11,6,45
80,5374,Student_80,3,74,Yes,2,14,6,48
81,8607,Student_81,3,83,No,1,8,7,45
82,5019,Student_82,1,52,Yes,0,13,8,39
83,1815,Student_83,7,73,No,4,15,6,43
84,8255,Student_84,1,91,Yes,2,14,7,48
85,1922,Student_85,2,58,No,4,18,6,42
86,5867,Student_86,4,75,Yes,0,6,8,39
87,2264,Student_87,4,69,Yes,4,13,5,45
88,4724,Student_88,5,89,No,0,13,8,49
89,3722,Student_89,2,59,Yes,0,9,8,39
90,6355,Student_90,4,68,Yes,4,15,6,44
91,3550,Student_91,1,52,Yes,0,5,6,26
92,6319,Student_92,2,73,Yes,1,11,8,43
93,7686,Student_93,1,54,Yes,0,14,7,42
94,2673,Student_94,4,52,Yes,3,14,7,43
95,5587,Student_95,4,76,Yes,0,8,7,41
96,6353,Student_96,7,65,No,3,13,6,38
97,7857,Student_97,9,98,No,0,10,6,54
98,2666,Student_98,9,64,Yes,0,17,8,50
99,5511,Student_99,5,84,Yes,4,7,5,41
100,7172,Student_100,1,61,Yes,1,10,6,37
101,2384,Student_101,1,90,No,1,17,8,53
102,5403,Student_102,6,93,No,2,14,8,52
103,4954,Student_103,2,75,Yes,4,10,5,41
104,7305,Student_104,8,96,No,4,9,7,37
105,9252,Student_105,9,83,Yes,1,6,8,48
106,8238,Student_106,4,72,Yes,4,14,8,44
107,7981,Student_107,5,80,Yes,1,14,8,52
108,7026,Student_108,8,99,Yes,4,6,7,48
109,7609,Student_109,3,69,No,0,11,7,45
110,9664,Student_110,5,61,No,1,6,5,32
111,1958,Student_111,3,72,Yes,1,16,6,46
112,9724,Student_112,3,53,No,3,10,7,28
113,1493,Student_113,3,72,No,4,9,6,35
114,8042,Student_114,7,97,Yes,4,8,6,41
115,1081,Student_115,7,97,No,1,11,7,49
116,7999,Student_116,7,50,Yes,0,12,8,41
117,3970,Student_117,8,74,Yes,0,8,5,40
118,1011,Student_118,5,51,Yes,0,5,6,31
119,8824,Student_119,5,79,Yes,4,5,8,38
120,1761,Student_120,4,52,No,3,5,7,27
121,4185,Student_121,7,70,Yes,1,15,6,42
122,1025,Student_122,4,74,No,2,5,6,30
123,2806,Student_123,2,69,Yes,3,9,6,39
124,7651,Student_124,4,98,Yes,2,8,8,51
125,6664,Student_125,8,71,No,3,17,8,45
126,6154,Student_126,9,70,Yes,0,18,8,53
127,6824,Student_127,3,82,No,4,13,6,48
128,4659,Student_128,7,87,No,2,19,6,54
129,2525,Student_129,9,64,Yes,3,7,5,37
130,1760,Student_130,4,95,Yes,4,18,5,60
131,1594,Student_131,3,64,Yes,2,11,8,40
132,8192,Student_132,5,95,Yes,1,15,8,55
133,2055,Student_133,1,74,Yes,3,12,7,42
134,4083,Student_134,3,70,Yes,1,10,8,48
135,4675,Student_135,8,73,No,0,16,5,51
136,6957,Student_136,8,54,No,1,17,5,44
137,6255,Student_137,4,55,Yes,1,14,5,39
138,5228,Student_138,2,98,No,3,17,6,55
139,5181,Student_139,8,92,No,0,5,6,45
140,2830,Student_140,8,97,Yes,1,12,8,52
141,4395,Student_141,4,93,Yes,4,19,7,60
142,2203,Student_142,3,96,No,2,14,7,51
143,3810,Student_143,2,72,Yes,1,7,7,38
144,4092,Student_144,9,53,No,0,12,6,37
145,4044,Student_145,1,76,Yes,1,16,5,46
146,7071,Student_146,7,67,No,2,8,5,33
147,8272,Student_147,5,70,No,0,12,6,39
148,5673,Student_148,8,77,No,3,15,7,51
149,4514,Student_149,4,84,No,0,5,7,38
150,7192,Student_150,7,71,Yes,3,7,8,36
151,1144,Student_151,5,89,Yes,0,10,8,56
152,8507,Student_152,5,72,No,2,19,7,48
153,5857,Student_153,9,52,No,2,19,6,50
154,2377,Student_154,9,89,Yes,0,13,7,50
155,4146,Student_155,9,99,Yes,1,6,8,51
156,6024,Student_156,6,59,No,2,15,7,43
157,1793,Student_157,6,74,No,3,5,6,33
158,6756,Student_158,5,98,No,3,19,5,58
159,5414,Student_159,9,57,No,4,14,6,42
160,2110,Student_160,8,60,No,3,7,6,32
161,6672,Student_161,7,54,Yes,4,8,8,33
162,5053,Student_162,7,94,No,0,15,6,50
163,4937,Student_163,6,86,Yes,0,9,6,47
164,4963,Student_164,5,94,Yes,0,7,8,44
165,5942,Student_165,4,87,Yes,1,17,8,56
166,6897,Student_166,3,78,No,1,14,5,47
167,9974,Student_167,3,54,Yes,4,15,7,42
168,2116,Student_168,6,58,Yes,3,6,6,31
169,2750,Student_169,4,97,Yes,3,6,8,48
170,5027,Student_170,6,51,Yes,0,11,5,36
171,6745,Student_171,3,50,No,2,13,7,32
172,6064,Student_172,4,89,No,1,14,8,50
173,6938,Student_173,9,79,Yes,1,6,7,45
174,4397,Student_174,5,60,Yes,0,11,7,39
175,9265,Student_175,7,77,No,1,11,6,47
176,2359,Student_176,2,93,No,0,15,6,49
177,5853,Student_177,5,61,No,4,11,8,36
178,2941,Student_178,9,88,Yes,3,7,7,43
179,4148,Student_179,3,75,No,2,16,8,50
180,8933,Student_180,9,62,Yes,3,11,8,43
181,2285,Student_181,6,57,Yes,3,5,7,29
182,7474,Student_182,4,77,No,4,14,8,45
183,1770,Student_183,7,79,Yes,1,5,7,31
184,2843,Student_184,8,58,No,2,9,7,39
185,1073,Student_185,6,88,Yes,1,19,7,59
186,2660,Student_186,5,80,No,3,6,7,31
187,5349,Student_187,6,70,Yes,0,13,5,41
188,8102,Student_188,5,96,Yes,3,19,7,59
189,9000,Student_189,8,83,No,1,11,6,43
190,4818,Student_190,1,80,No,3,8,6,39
191,1331,Student_191,7,74,No,0,8,6,42
192,2421,Student_192,2,61,No,4,6,7,31
193,8512,Student_193,9,50,Yes,1,9,6,29
194,7890,Student_194,1,71,No,3,8,5,32
195,5931,Student_195,6,89,No,1,16,8,53
196,7025,Student_196,9,86,Yes,4,17,7,54
197,5408,Student_197,1,96,No,3,5,6,37
198,6113,Student_198,4,50,No,3,16,5,35
199,9419,Student_199,4,50,Yes,1,12,8,40
200,3881,Student_200,9,91,No,1,7,5,46
201,3865,Student_201,5,91,No,0,18,6,58
202,3575,Student_202,5,70,No,4,10,5,37
203,7185,Student_203,6,64,No,0,8,8,44
204,9656,Student_204,1,66,No,3,13,6,42
205,6741,Student_205,1,71,No,1,11,8,40
206,1277,Student_206,9,87,Yes,3,13,5,50
207,1065,Student_207,3,84,No,3,14,7,51
208,5262,Student_208,4,94,Yes,2,7,7,48
209,6704,Student_209,1,65,Yes,2,5,7,28
210,9594,Student_210,9,57,Yes,3,9,7,42
211,8989,Student_211,8,96,Yes,1,7,8,49
212,7255,Student_212,2,66,No,3,10,7,34
213,8441,Student_213,8,66,No,2,12,8,38
214,5692,Student_214,7,75,No,1,15,6,48
215,5419,Student_215,6,62,Yes,3,17,7,48
216,8960,Student_216,1,66,No,4,8,8,39
217,7078,Student_217,7,87,No,4,9,7,47
218,2437,Student_218,7,66,No,3,9,7,37
219,9620,Student_219,9,97,Yes,1,8,7,52
220,8032,Student_220,1,63,Yes,3,8,8,38
221,6731,Student_221,2,94,No,3,8,5,41
222,4378,Student_222,9,55,Yes,2,8,7,36
223,9584,Student_223,9,84,Yes,4,8,7,44
224,7347,Student_224,6,95,No,2,9,6,47
225,7401,Student_225,6,63,Yes,2,6,5,35
226,7629,Student_226,4,96,Yes,3,6,8,44
227,5541,Student_227,4,57,No,2,13,6,31
228,8876,Student_228,5,64,Yes,4,6,7,31
229,9533,Student_229,3,76,Yes,2,10,6,44
230,9324,Student_230,1,62,Yes,4,6,6,24
231,1264,Student_231,1,98,Yes,2,9,7,50
232,2434,Student_232,7,80,Yes,4,8,5,44
233,6327,Student_233,1,84,Yes,2,16,5,50
234,6097,Student_234,1,55,Yes,2,11,6,37
235,2660,Student_235,3,54,Yes,1,19,7,49
236,6692,Student_236,4,71,No,4,11,8,40
237,3354,Student_237,4,98,No,4,17,6,50
238,9457,Student_238,2,72,No,4,10,8,42
239,7461,Student_239,1,74,No,0,14,6,48
240,8044,Student_240,3,83,Yes,2,9,6,39
241,6497,Student_241,4,75,No,4,5,7,30
242,5549,Student_242,3,96,No,0,16,7,54
243,7334,Student_243,8,54,Yes,1,19,8,49
244,7010,Student_244,1,75,Yes,4,7,8,38
245,5926,Student_245,2,69,Yes,4,13,5,45
246,7065,Student_246,7,55,Yes,0,19,7,44
247,3179,Student_247,4,55,Yes,2,18,6,51
248,5967,Student_248,8,99,No,1,5,6,43
249,1634,Student_249,3,67,Yes,4,9,5,38
250,4631,Student_250,6,53,No,2,6,7,33
251,5677,Student_251,9,66,No,1,8,6,41
252,3218,Student_252,1,63,Yes,3,18,5,45
253,2389,Student_253,1,63,No,3,18,5,44
254,5276,Student_254,8,62,No,1,15,6,46
255,2249,Student_255,3,56,Yes,0,5,6,29
256,8640,Student_256,5,93,No,1,7,8,39
257,6712,Student_257,1,64,No,1,14,7,38
258,2245,Student_258,5,68,No,0,11,8,42
259,9245,Student_259,6,92,Yes,0,14,5,51
260,1442,Student_260,8,96,Yes,2,19,6,59
261,7976,Student_261,3,93,Yes,2,7,8,50
262,5675,Student_262,3,84,No,0,8,5,43
263,8953,Student_263,9,66,Yes,3,6,7,37
264,5377,Student_264,4,84,No,3,7,6,41
265,8058,Student_265,4,68,Yes,1,13,8,45
266,1822,Student_266,7,69,No,4,7,7,37
267,3939,Student_267,2,85,Yes,1,15,8,53
268,8096,Student_268,8,84,Yes,1,9,5,45
269,6765,Student_269,6,81,No,4,6,7,36
270,2031,Student_270,3,97,Yes,0,8,8,52
271,1562,Student_271,9,93,No,3,16,7,58
272,1340,Student_272,5,89,Yes,1,17,5,48
273,5567,Student_273,8,73,Yes,4,11,7,43
274,8862,Student_274,7,66,No,2,18,8,48
275,3296,Student_275,8,56,No,1,11,5,36
276,1234,Student_276,7,92,No,3,16,6,56
277,6202,Student_277,3,99,Yes,0,7,8,48
278,2291,Student_278,2,50,No,1,9,8,28
279,5727,Student_279,7,84,Yes,1,5,5,39
280,9720,Student_280,3,81,No,4,14,5,46
281,3939,Student_281,3,85,No,2,14,6,47
282,6435,Student_282,2,62,No,2,14,8,40
283,7981,Student_283,4,55,No,0,15,5,41
284,6392,Student_284,8,63,No,3,5,6,37
285,8972,Student_285,1,86,No,0,9,6,43
286,2233,Student_286,1,97,Yes,1,17,5,59
287,3800,Student_287,5,64,No,1,14,8,43
288,3775,Student_288,5,96,Yes,2,13,7,53
289,7044,Student_289,1,53,No,3,5,7,26
290,4487,Student_290,6,89,No,4,5,6,39
291,8383,Student_291,1,65,No,3,8,7,35
292,4850,Student_292,5,77,Yes,1,8,7,40
293,5997,Student_293,9,65,Yes,4,6,5,38
294,1890,Student_294,5,53,No,3,13,6,32
295,6920,Student_295,6,94,Yes,3,18,8,56
296,2188,Student_296,8,75,No,4,13,6,52
297,6644,Student_297,1,77,No,1,17,5,46
298,1740,Student_298,2,81,Yes,3,17,7,54
299,2369,Student_299,9,94,Yes,4,6,8,52
300,3000,Student_300,3,51,Yes,1,18,6,38
301,2471,Student_301,6,80,Yes,4,13,7,52
302,2536,Student_302,5,52,No,4,19,6,46
303,1318,Student_303,2,57,Yes,3,10,8,42
304,6153,Student_304,7,73,Yes,1,12,6,43
305,2894,Student_305,4,64,No,3,14,6,46
306,8991,Student_306,1,92,Yes,0,17,6,53
307,9592,Student_307,4,80,Yes,0,19,7,59
308,6935,Student_308,6,58,Yes,1,17,8,49
309,1723,Student_309,7,88,Yes,4,8,8,48
310,3329,Student_310,7,94,No,3,6,7,43
311,3770,Student_311,7,51,No,3,6,7,25
312,8545,Student_312,3,57,Yes,1,13,7,32
313,5846,Student_313,6,56,Yes,1,5,5,32
314,1267,Student_314,8,93,No,0,16,6,55
315,1569,Student_315,4,88,Yes,2,11,6,48
316,2973,Student_316,8,91,Yes,1,15,8,57
317,9737,Student_317,2,65,Yes,2,18,6,54
318,3822,Student_318,9,84,Yes,1,7,5,45
319,5460,Student_319,9,79,Yes,4,7,7,41
320,1270,Student_320,8,59,Yes,4,6,8,37
321,8641,Student_321,1,87,Yes,0,18,8,55
322,9930,Student_322,2,67,Yes,0,14,6,45
323,7680,Student_323,6,99,Yes,2,10,8,49
324,2257,Student_324,5,54,No,1,17,7,44
325,9250,Student_325,9,78,No,3,14,8,49
326,6370,Student_326,5,88,No,0,6,7,38
327,5858,Student_327,2,83,Yes,3,14,5,53
328,9581,Student_328,4,92,Yes,3,19,5,54
329,9910,Student_329,9,94,No,1,8,7,48
330,7999,Student_330,1,72,Yes,2,14,6,42
331,1120,Student_331,1,54,No,1,13,8,39
332,7908,Student_332,7,79,Yes,0,13,6,46
333,3303,Student_333,3,55,No,3,10,8,37
334,5861,Student_334,2,95,No,1,17,5,59
335,3911,Student_335,9,93,No,1,8,5,43
336,9991,Student_336,3,53,Yes,1,11,5,40
337,8236,Student_337,2,78,No,0,18,8,51
338,6565,Student_338,8,72,Yes,2,5,5,41
339,7531,Student_339,6,55,Yes,1,16,5,51
340,2109,Student_340,6,81,Yes,0,8,5,42
341,7929,Student_341,7,91,Yes,3,9,5,42
342,2250,Student_342,7,67,Yes,4,12,6,46
343,9177,Student_343,6,64,Yes,0,16,5,48
344,2649,Student_344,4,89,Yes,4,6,5,41
345,8351,Student_345,9,81,No,1,16,6,52
346,6911,Student_346,6,58,No,1,9,6,33
347,3956,Student_347,4,86,No,0,10,8,50
348,6828,Student_348,3,59,Yes,4,9,7,36
349,5994,Student_349,4,69,Yes,1,19,5,47
350,7436,Student_350,3,55,Yes,3,17,5,45
351,9676,Student_351,2,97,Yes,2,13,5,52
352,8614,Student_352,5,52,No,2,14,8,39
353,9994,Student_353,2,91,Yes,1,5,5,44
354,2715,Student_354,6,60,No,4,18,7,44
355,9150,Student_355,3,92,Yes,1,7,6,43
356,4483,Student_356,6,66,No,4,18,8,51
357,8675,Student_357,9,81,Yes,3,6,6,42
358,2757,Student_358,1,53,No,4,16,5,33
359,2809,Student_359,6,53,Yes,1,17,5,45
360,6539,Student_360,9,66,No,3,7,5,34
361,7048,Student_361,4,90,Yes,0,14,7,56
362,2151,Student_362,2,68,No,2,13,7,42
363,6492,Student_363,4,54,No,1,17,8,45
364,7711,Student_364,1,81,Yes,1,18,6,49
365,7302,Student_365,3,71,No,1,13,5,41
366,5747,Student_366,9,55,Yes,3,14,5,46
367,9402,Student_367,5,84,Yes,0,6,5,39
368,5681,Student_368,6,71,Yes,4,18,5,50
369,3507,Student_369,3,50,No,0,7,7,27
370,3963,Student_370,5,69,No,3,18,6,45
371,4428,Student_371,8,71,Yes,1,8,6,41
372,8494,Student_372,6,97,Yes,2,13,8,56
373,4955,Student_373,4,60,No,1,7,7,39
374,4705,Student_374,2,62,No,4,17,5,40
375,5038,Student_375,9,91,No,2,11,6,49
376,1713,Student_376,1,52,Yes,1,16,6,37
377,8260,Student_377,1,58,Yes,2,7,7,34
378,8011,Student_378,4,61,Yes,0,11,8,43
379,9879,Student_379,7,72,Yes,3,11,8,50
380,9521,Student_380,1,63,Yes,1,13,5,43
381,2746,Student_381,9,82,No,4,6,8,42
382,2207,Student_382,4,67,Yes,0,17,6,48
383,1784,Student_383,3,98,No,1,10,8,49
384,3696,Student_384,1,90,No,0,13,5,46
385,8073,Student_385,4,58,Yes,4,16,6,46
386,6036,Student_386,9,72,No,1,19,8,58
387,8127,Student_387,6,59,Yes,4,16,8,46
388,4718,Student_388,6,68,No,2,19,7,47
389,6775,Student_389,1,96,Yes,4,6,5,44
390,8910,Student_390,2,54,Yes,2,6,8,33
391,3693,Student_391,6,96,No,1,17,7,56
392,1625,Student_392,2,72,Yes,2,18,6,51
393,4708,Student_393,3,79,No,1,9,7,41
394,7859,Student_394,4,74,Yes,1,14,7,52
395,9953,Student_395,5,77,Yes,3,14,8,44
396,8692,Student_396,9,83,Yes,1,16,8,56
397,7398,Student_397,4,94,No,2,14,8,57
398,8252,Student_398,9,97,No,3,12,7,54
399,2555,Student_399,3,96,Yes,3,15,6,59
400,9867,Student_400,8,74,No,1,19,5,49
401,5187,Student_401,1,59,Yes,4,13,7,42
402,8767,Student_402,9,63,No,4,6,8,38
403,1036,Student_403,9,91,No,3,9,5,40
404,2787,Student_404,2,95,Yes,1,18,6,56
405,7283,Student_405,4,79,Yes,4,11,5,42
406,9060,Student_406,8,90,Yes,1,19,8,57
407,9065,Student_407,7,74,Yes,1,10,7,44
408,4880,Student_408,1,63,Yes,3,10,7,40
409,6932,Student_409,5,84,No,3,11,8,45
410,9328,Student_410,7,97,No,0,7,7,48
411,7333,Student_411,4,83,Yes,4,17,8,54
412,6759,Student_412,1,59,Yes,4,7,7,32
413,7485,Student_413,9,84,Yes,4,14,7,50
414,6067,Student_414,5,60,No,2,13,7,43
415,1661,Student_415,2,60,Yes,1,18,6,42
416,8973,Student_416,8,70,Yes,3,12,6,45
417,7386,Student_417,2,70,No,4,9,8,41
418,8887,Student_418,3,71,No,0,10,6,38
419,1414,Student_419,1,94,No,4,15,8,49
420,7850,Student_420,2,56,No,1,16,5,42
421,9534,Student_421,7,66,Yes,1,14,5,46
422,3729,Student_422,2,51,No,3,5,6,28
423,4897,Student_423,6,61,No,2,14,5,41
424,3169,Student_424,3,91,Yes,3,16,5,45
425,2878,Student_425,4,67,Yes,4,5,7,37
426,7454,Student_426,8,60,Yes,0,8,7,46
427,5570,Student_427,3,65,No,3,6,8,37
428,2515,Student_428,6,98,Yes,2,15,5,45
429,1574,Student_429,1,67,No,3,11,8,40
430,3867,Student_430,7,84,No,1,6,8,41
431,4544,Student_431,8,75,No,4,14,5,42
432,5477,Student_432,8,65,Yes,4,6,6,36
433,1071,Student_433,3,55,No,4,9,5,30
434,3980,Student_434,1,93,Yes,4,8,7,45
435,6492,Student_435,9,92,Yes,4,12,5,51
436,5759,Student_436,6,96,Yes,4,8,6,43
437,9084,Student_437,9,96,No,0,18,8,60
438,1039,Student_438,7,97,No,2,16,8,55
439,6373,Student_439,1,91,No,4,10,7,38
440,8565,Student_440,1,61,Yes,2,9,7,32
441,2900,Student_441,6,62,No,4,15,7,43
442,3217,Student_442,5,53,No,3,18,8,49
443,5796,Student_443,9,88,No,4,6,7,40
444,5606,Student_444,2,51,No,1,15,5,35
445,2283,Student_445,8,75,No,0,19,8,52
446,9775,Student_446,5,76,Yes,3,17,6,51
447,9650,Student_447,2,76,Yes,3,16,8,53
448,1815,Student_448,6,64,Yes,1,18,5,55
449,3511,Student_449,8,57,Yes,4,12,5,41
450,1246,Student_450,4,56,No,0,6,7,32
451,5825,Student_451,2,96,Yes,3,13,8,50
452,7516,Student_452,5,95,No,0,19,8,59
453,1416,Student_453,2,89,Yes,3,13,8,52
454,7702,Student_454,2,61,Yes,4,7,6,31
455,4717,Student_455,6,62,Yes,3,8,7,37
456,1107,Student_456,9,92,No,3,12,5,49
457,5513,Student_457,4,66,No,2,13,5,39
458,2421,Student_458,6,66,Yes,4,7,7,37
459,8283,Student_459,7,85,No,1,9,5,37
460,1255,Student_460,6,70,Yes,1,15,5,49
461,8248,Student_461,8,57,Yes,4,19,7,57
462,3962,Student_462,4,54,Yes,1,12,5,36
463,3282,Student_463,1,75,No,4,7,8,37
464,9744,Student_464,7,65,Yes,1,11,6,45
465,9372,Student_465,3,85,Yes,2,15,7,55
466,2477,Student_466,6,77,Yes,1,12,6,46
467,9762,Student_467,2,78,No,3,14,5,38
468,5952,Student_468,9,96,Yes,4,15,5,57
469,6880,Student_469,1,61,No,0,18,8,47
470,6592,Student_470,6,86,Yes,0,7,7,44
471,8091,Student_471,6,79,No,4,6,5,36
472,1591,Student_472,5,72,Yes,2,14,7,48
473,7277,Student_473,5,65,Yes,1,17,7,51
474,3260,Student_474,1,63,No,2,11,7,38
475,1347,Student_475,5,59,No,0,16,7,44
476,9357,Student_476,2,56,Yes,4,13,7,40
477,6032,Student_477,7,94,No,4,5,6,40
478,5443,Student_478,3,86,Yes,2,7,8,45
479,9774,Student_479,4,78,Yes,2,9,7,41
480,7869,Student_480,3,52,Yes,1,7,6,32
481,6696,Student_481,3,64,No,3,5,5,24
482,4038,Student_482,4,85,Yes,3,19,7,55
483,3845,Student_483,5,96,No,1,11,5,50
484,8864,Student_484,1,95,Yes,3,11,7,45
485,7609,Student_485,4,68,No,0,14,6,43
486,2265,Student_486,8,62,No,3,16,6,38
487,3274,Student_487,7,91,Yes,1,12,6,48
488,3470,Student_488,9,70,No,3,9,8,38
489,3577,Student_489,5,86,Yes,4,14,5,49
490,4660,Student_490,4,76,Yes,2,16,8,52
491,2068,Student_491,8,78,Yes,0,9,7,46
492,6591,Student_492,9,69,Yes,4,9,5,39
493,6974,Student_493,7,74,Yes,4,5,6,36
494,5829,Student_494,7,55,No,1,14,5,43
495,2950,Student_495,5,85,Yes,2,9,6,45
496,9283,Student_496,4,51,No,2,10,8,34
497,4093,Student_497,1,71,No,0,19,8,54
498,6311,Student_498,7,81,Yes,1,17,6,61
499,2387,Student_499,1,65,No,0,16,6,40
500,5274,Student_500,1,67,Yes,3,5,7,34
501,3285,Student_501,5,54,No,4,15,8,50
502,4206,Student_502,9,85,No,0,11,8,51
503,3924,Student_503,6,79,No,4,5,7,37
504,8045,Student_504,3,94,Yes,1,15,8,55
505,9471,Student_505,3,68,No,3,6,6,34
506,2618,Student_506,7,72,Yes,1,6,5,40
507,9562,Student_507,6,83,No,3,9,5,38
508,6896,Student_508,9,62,No,3,18,8,50
509,8843,Student_509,6,92,No,4,14,7,44
510,8063,Student_510,5,78,No,1,17,6,50
511,9495,Student_511,7,85,Yes,1,11,5,45
512,2348,Student_512,1,71,Yes,0,5,6,35
513,6556,Student_513,7,96,No,1,14,8,50
514,6289,Student_514,3,85,No,0,5,8,38
515,3422,Student_515,9,58,Yes,2,5,5,36
516,4628,Student_516,6,88,Yes,2,10,8,47
517,3428,Student_517,9,68,Yes,2,6,7,33
518,4033,Student_518,5,87,Yes,1,5,8,43
519,7157,Student_519,7,55,No,1,10,8,36
520,9860,Student_520,4,96,No,0,18,8,58
521,9691,Student_521,7,64,Yes,3,6,6,33
522,8813,Student_522,1,69,Yes,0,10,6,46
523,2414,Student_523,7,58,Yes,2,14,5,38
524,7708,Student_524,8,81,Yes,0,12,5,58
525,9721,Student_525,5,53,Yes,3,6,5,29
526,7635,Student_526,2,99,Yes,1,15,8,57
527,4621,Student_527,5,67,No,0,13,6,41
528,6315,Student_528,6,54,No,2,12,7,36
529,1754,Student_529,2,69,No,2,16,8,44
530,3347,Student_530,6,72,Yes,1,14,8,51
531,1726,Student_531,6,60,Yes,0,5,8,31
532,5923,Student_532,1,86,Yes,3,11,7,46
533,3649,Student_533,1,71,No,1,18,5,40
534,3815,Student_534,3,53,Yes,0,17,7,46
535,4279,Student_535,3,78,Yes,4,14,5,48
536,3984,Student_536,4,93,No,2,10,7,43
537,4807,Student_537,2,83,Yes,3,18,6,55
538,8876,Student_538,9,62,No,3,10,8,41
539,7099,Student_539,7,91,No,3,10,8,53
540,1607,Student_540,7,58,Yes,2,10,8,38
541,7169,Student_541,6,91,No,0,14,5,60
542,8790,Student_542,3,80,Yes,1,11,7,38
543,6573,Student_543,6,56,No,0,16,6,43
544,1634,Student_544,8,53,Yes,1,7,7,31
545,2074,Student_545,8,68,No,3,18,8,57
546,2914,Student_546,9,91,Yes,0,10,6,50
547,1588,Student_547,1,79,No,3,7,6,35
548,4231,Student_548,1,80,No,4,11,8,43
549,7351,Student_549,3,84,No,3,11,7,44
550,4838,Student_550,3,70,Yes,3,12,8,42
551,2973,Student_551,8,80,Yes,1,6,7,39
552,6044,Student_552,1,68,No,4,13,6,39
553,7103,Student_553,2,80,Yes,3,17,6,52
554,7683,Student_554,2,81,No,3,9,8,43
555,6837,Student_555,3,51,Yes,4,13,6,43
556,7783,Student_556,6,59,No,4,14,5,33
557,6594,Student_557,1,51,Yes,0,9,6,33
558,4822,Student_558,2,51,No,1,11,5,36
559,4389,Student_559,1,73,No,4,15,6,42
560,6914,Student_560,5,66,No,4,13,8,35
561,2780,Student_561,7,81,No,2,19,8,52
562,4688,Student_562,8,65,Yes,4,8,5,38
563,8211,Student_563,1,65,No,1,6,8,34
564,6037,Student_564,7,95,Yes,3,13,6,55
565,7319,Student_565,5,88,Yes,3,17,6,52
566,9640,Student_566,1,80,No,3,6,8,37
567,1081,Student_567,3,92,Yes,3,7,6,40
568,7278,Student_568,7,73,Yes,2,14,7,50
569,7999,Student_569,1,50,Yes,4,6,7,28
570,2406,Student_570,7,60,No,3,7,6,31
571,8410,Student_571,5,70,Yes,0,10,8,49
572,2480,Student_572,1,53,Yes,3,7,5,24
573,4598,Student_573,1,56,No,4,19,8,44
574,8993,Student_574,1,75,No,3,14,5,39
575,5183,Student_575,9,96,Yes,2,12,8,61
576,4680,Student_576,3,99,No,1,15,6,55
577,8644,Student_577,5,61,Yes,1,10,7,38
578,5310,Student_578,9,80,Yes,4,11,8,48
579,2758,Student_579,6,66,Yes,1,5,5,40
580,3599,Student_580,9,82,No,1,7,7,40
581,6616,Student_581,8,60,Yes,0,7,5,31
582,6813,Student_582,8,77,No,4,6,6,38
583,4853,Student_583,1,81,No,4,11,7,42
584,3292,Student_584,9,50,Yes,1,13,5,43
585,2501,Student_585,6,96,No,1,8,8,49
586,9422,Student_586,9,77,No,1,16,6,57
587,8550,Student_587,3,91,No,2,9,6,38
588,5250,Student_588,3,56,No,3,7,6,26
589,7991,Student_589,6,51,No,2,15,8,44
590,1114,Student_590,9,91,Yes,4,13,8,51
591,5406,Student_591,7,73,No,0,18,7,48
592,3347,Student_592,3,53,Yes,3,8,8,39
593,2041,Student_593,3,93,Yes,0,9,7,43
594,7927,Student_594,2,68,Yes,4,5,6,31
595,1011,Student_595,9,75,Yes,4,15,7,51
596,8980,Student_596,3,60,Yes,0,16,5,48
597,8871,Student_597,5,89,Yes,0,19,6,53
598,7375,Student_598,9,99,No,0,17,6,61
599,8098,Student_599,8,92,No,4,6,7,40
600,4676,Student_600,2,60,No,1,16,6,44
601,7109,Student_601,3,94,Yes,0,17,8,56
602,6397,Student_602,2,52,No,3,13,5,39
603,4065,Student_603,8,61,No,4,6,7,31
604,3036,Student_604,6,52,No,2,9,7,27
605,4046,Student_605,6,91,Yes,2,17,6,54
606,1540,Student_606,9,76,No,3,12,8,46
607,1076,Student_607,8,98,Yes,1,7,6,52
608,4067,Student_608,4,51,No,0,10,6,30
609,1023,Student_609,4,98,Yes,4,8,7,43
610,6134,Student_610,9,65,Yes,0,15,6,52
611,1675,Student_611,1,51,Yes,4,11,5,28
612,7668,Student_612,2,79,No,2,14,6,44
613,5267,Student_613,2,69,No,0,18,6,47
614,6988,Student_614,6,87,Yes,3,17,7,56
615,8652,Student_615,4,77,No,1,7,6,35
616,9680,Student_616,3,74,Yes,3,10,8,40
617,2485,Student_617,3,81,Yes,1,19,7,57
618,4659,Student_618,3,59,No,0,16,6,40
619,3419,Student_619,6,91,No,0,19,5,53
620,8740,Student_620,8,89,No,1,14,5,55
621,8143,Student_621,7,82,Yes,2,13,7,52
622,4495,Student_622,4,62,Yes,4,15,7,49
623,1756,Student_623,4,90,No,3,14,6,51
624,9448,Student_624,2,91,Yes,3,5,8,37
625,2779,Student_625,1,96,No,3,7,6,41
626,7487,Student_626,9,86,Yes,0,6,5,41
627,1258,Student_627,2,65,No,3,12,8,35
628,5075,Student_628,8,94,No,4,11,8,49
629,9498,Student_629,9,71,Yes,4,6,8,43
630,9014,Student_630,4,69,No,1,10,6,40
631,2118,Student_631,8,99,No,0,19,5,57
632,8631,Student_632,9,92,Yes,4,7,7,45
633,4017,Student_633,5,76,No,2,12,6,43
634,5341,Student_634,7,90,Yes,0,14,7,50
635,2658,Student_635,4,65,No,0,17,8,50
636,9378,Student_636,1,83,Yes,4,7,8,39
637,2797,Student_637,3,81,No,2,14,6,42
638,1784,Student_638,5,75,No,1,18,5,46
639,6691,Student_639,3,74,No,4,13,8,47
640,4196,Student_640,7,51,No,2,5,7,28
641,9532,Student_641,9,61,Yes,0,9,7,45
642,1562,Student_642,6,89,Yes,2,7,6,49
643,5746,Student_643,1,58,Yes,0,10,7,40
644,3999,Student_644,7,61,Yes,4,14,5,41
645,2193,Student_645,3,75,Yes,4,6,8,30
646,1068,Student_646,5,58,Yes,3,13,7,43
647,6679,Student_647,4,59,Yes,3,10,7,44
648,3428,Student_648,5,81,No,3,11,8,45
649,7200,Student_649,5,83,No,4,9,6,35
650,6396,Student_650,6,97,No,1,13,7,51
651,7993,Student_651,6,69,No,4,5,6,32
652,4598,Student_652,8,88,Yes,2,9,6,44
653,1573,Student_653,8,51,Yes,4,15,7,36
654,5214,Student_654,9,50,Yes,4,14,5,40
655,8636,Student_655,8,85,No,0,15,6,50
656,2478,Student_656,2,73,Yes,0,10,7,48
657,7127,Student_657,1,76,No,0,11,6,41
658,7676,Student_658,2,51,Yes,4,16,8,43
659,3196,Student_659,2,80,Yes,1,8,5,39
660,9166,Student_660,3,63,Yes,2,16,5,45
661,9846,Student_661,7,51,Yes,2,17,8,42
662,7050,Student_662,2,78,No,1,5,8,33
663,5650,Student_663,1,64,No,1,19,6,50
664,9484,Student_664,6,61,Yes,2,15,8,47
665,5526,Student_665,9,86,No,3,12,5,46
666,5412,Student_666,3,77,Yes,0,14,8,51
667,6443,Student_667,6,69,Yes,0,8,7,43
668,9787,Student_668,3,88,Yes,2,7,7,49
669,3593,Student_669,1,73,Yes,1,16,6,48
670,7852,Student_670,5,70,No,3,11,5,36
671,7629,Student_671,4,59,Yes,2,16,7,45
672,4869,Student_672,7,95,Yes,0,6,8,50
673,8971,Student_673,6,63,No,4,12,7,43
674,8822,Student_674,7,86,Yes,1,18,7,53
675,3989,Student_675,5,67,No,4,10,6,38
676,8062,Student_676,4,73,Yes,2,11,8,42
677,6340,Student_677,7,63,Yes,0,18,8,51
678,4823,Student_678,7,83,Yes,3,9,8,49
679,4932,Student_679,6,61,Yes,4,13,6,44
680,9554,Student_680,8,71,Yes,3,9,8,41
681,3429,Student_681,4,55,Yes,0,15,8,44
682,8444,Student_682,5,85,No,4,9,7,41
683,8147,Student_683,4,94,Yes,3,7,7,53
684,8631,Student_684,1,85,No,3,15,8,49
685,4598,Student_685,8,71,No,4,5,5,31
686,5329,Student_686,1,63,Yes,0,6,5,36
687,7718,Student_687,5,65,No,3,12,8,45
688,9218,Student_688,6,85,Yes,2,19,5,62
689,1092,Student_689,6,74,No,4,5,6,40
690,9500,Student_690,5,81,Yes,1,11,7,49
691,1051,Student_691,3,82,No,1,18,6,51
692,1318,Student_692,5,94,No,0,18,7,57
693,6688,Student_693,8,85,Yes,2,9,5,45
694,8018,Student_694,2,69,No,3,7,5,31
695,8210,Student_695,6,67,Yes,1,16,8,54
696,4956,Student_696,9,87,Yes,0,16,5,56
697,7057,Student_697,8,52,Yes,2,19,5,51
698,7875,Student_698,8,72,Yes,2,15,8,53
699,5431,Student_699,8,81,Yes,0,11,8,47
700,2525,Student_700,7,94,No,0,13,7,48
701,8043,Student_701,8,65,No,3,6,5,30
702,2278,Student_702,6,54,No,0,12,7,38
703,9705,Student_703,2,53,Yes,3,13,7,39
704,7125,Student_704,2,70,No,3,15,6,41
705,8874,Student_705,8,89,No,4,7,5,44
706,7900,Student_706,1,63,No,2,6,5,28
707,3500,Student_707,6,88,No,2,11,6,47
708,4464,Student_708,6,80,No,2,9,7,43
709,3259,Student_709,4,63,Yes,4,9,5,41
710,8496,Student_710,3,55,Yes,3,14,7,38
711,3659,Student_711,3,61,No,3,9,6,40
712,1255,Student_712,1,65,Yes,0,8,8,36
713,2502,Student_713,3,66,Yes,4,17,7,43
714,5656,Student_714,4,94,No,0,9,5,44
715,6430,Student_715,5,72,No,4,17,8,59
716,9598,Student_716,3,63,Yes,0,8,7,40
717,4176,Student_717,6,56,No,1,19,7,50
718,2860,Student_718,5,95,Yes,2,17,8,61
719,7158,Student_719,3,81,Yes,2,10,8,43
720,6806,Student_720,6,64,No,3,8,8,38
721,5354,Student_721,6,93,Yes,1,6,5,44
722,1722,Student_722,8,66,Yes,2,13,5,50
723,8579,Student_723,2,90,Yes,3,6,7,41
724,1613,Student_724,1,96,No,1,13,7,48
725,4331,Student_725,4,93,No,2,14,6,47
726,6790,Student_726,7,83,No,0,10,5,45
727,4116,Student_727,3,54,No,4,13,7,38
728,1330,Student_728,3,94,Yes,1,13,8,49
729,3212,Student_729,5,76,No,3,7,8,40
730,6493,Student_730,5,72,No,1,5,5,34
731,8232,Student_731,3,89,No,3,5,8,42
732,6614,Student_732,9,63,No,1,7,6,40
733,6913,Student_733,4,64,Yes,3,9,7,38
734,6913,Student_734,3,92,Yes,2,17,7,53
735,6611,Student_735,2,82,Yes,0,7,7,39
736,1319,Student_736,9,80,No,2,16,5,56
737,9085,Student_737,4,84,No,0,13,8,50
738,5200,Student_738,3,66,Yes,2,13,6,48
739,5791,Student_739,7,77,No,2,7,5,40
740,1329,Student_740,8,68,No,1,7,7,40
741,9851,Student_741,2,95,Yes,4,16,6,56
742,7742,Student_742,7,72,Yes,3,18,7,49
743,5916,Student_743,5,81,No,3,9,7,43
744,2793,Student_744,5,89,No,3,6,5,35
745,7457,Student_745,3,62,No,0,10,7,37
746,9125,Student_746,5,69,Yes,3,11,6,44
747,6703,Student_747,2,84,Yes,3,17,7,49
748,7170,Student_748,4,54,Yes,1,13,8,43
749,7644,Student_749,6,58,Yes,2,19,7,45
750,8420,Student_750,1,78,No,3,10,5,41
751,5155,Student_751,4,55,Yes,4,7,6,30
752,9411,Student_752,6,74,Yes,3,16,5,46
753,3611,Student_753,9,80,No,0,9,8,42
754,6691,Student_754,2,71,No,0,8,7,35
755,3593,Student_755,7,51,No,0,19,5,40
756,1095,Student_756,6,94,Yes,3,9,5,45
757,7041,Student_757,2,54,No,1,12,5,38
758,6063,Student_758,8,76,No,4,12,5,43
759,9437,Student_759,7,74,Yes,3,10,8,41
760,4349,Student_760,5,57,Yes,1,5,8,34
761,8644,Student_761,5,50,No,1,12,7,37
762,7560,Student_762,7,69,Yes,3,12,7,51
763,6247,Student_763,9,93,No,3,6,6,46
764,6356,Student_764,9,72,No,1,8,8,43
765,5077,Student_765,9,81,Yes,1,16,5,57
766,5898,Student_766,6,60,No,1,6,5,31
767,2417,Student_767,6,88,Yes,3,8,6,44
768,9846,Student_768,3,96,Yes,1,16,5,60
769,1110,Student_769,1,73,Yes,0,17,6,44
770,9281,Student_770,7,60,No,3,17,7,49
771,9954,Student_771,4,78,Yes,0,14,8,50
772,8391,Student_772,1,75,Yes,2,11,6,41
773,6132,Student_773,8,65,No,3,13,5,40
774,3504,Student_774,6,84,No,2,18,6,54
775,9289,Student_775,6,69,No,1,18,7,50
776,6239,Student_776,2,95,No,1,12,5,46
777,1292,Student_777,1,52,Yes,4,19,7,42
778,2734,Student_778,2,50,Yes,1,16,7,36
779,6120,Student_779,4,96,Yes,2,13,6,50
780,7393,Student_780,2,50,No,1,12,7,34
781,3196,Student_781,1,66,No,3,6,5,30
782,4466,Student_782,7,51,Yes,1,11,7,45
783,2906,Student_783,8,78,No,4,6,7,37
784,2721,Student_784,6,69,No,1,17,6,45
785,2816,Student_785,4,55,Yes,2,16,7,42
786,9444,Student_786,6,57,Yes,2,15,8,46
787,5227,Student_787,3,78,No,1,6,6,38
788,6775,Student_788,8,97,No,2,19,6,62
789,4849,Student_789,2,82,No,2,8,5,40
790,6228,Student_790,5,52,Yes,4,5,5,31
791,7849,Student_791,1,84,Yes,3,19,5,52
792,2058,Student_792,6,54,Yes,4,9,5,40
793,3322,Student_793,2,76,Yes,0,10,8,43
794,9378,Student_794,4,93,Yes,4,13,6,51
795,1948,Student_795,6,61,No,1,14,7,47
796,9179,Student_796,8,69,No,3,12,5,44
797,5359,Student_797,8,94,No,1,6,5,36
798,6660,Student_798,6,69,Yes,0,5,5,36
799,8254,Student_799,4,58,Yes,3,6,7,35
800,9401,Student_800,8,88,Yes,2,11,5,45
801,3093,Student_801,8,53,No,4,8,7,36
802,2563,Student_802,1,68,Yes,1,14,6,45
803,9217,Student_803,4,87,Yes,0,9,6,49
804,1174,Student_804,4,76,No,2,16,6,46
805,2334,Student_805,7,94,Yes,4,11,8,54
806,1321,Student_806,7,92,No,2,7,7,45
807,6698,Student_807,8,62,Yes,4,14,5,49
808,6604,Student_808,5,62,Yes,3,6,5,41
809,7742,Student_809,7,71,No,2,17,5,53
810,8436,Student_810,8,77,No,2,11,5,45
811,9524,Student_811,9,96,No,2,9,8,57
812,6674,Student_812,3,94,No,3,18,5,55
813,6002,Student_813,3,71,No,0,19,8,49
814,1910,Student_814,4,92,No,4,5,7,39
815,1949,Student_815,5,68,Yes,2,5,6,37
816,6425,Student_816,1,57,Yes,3,13,5,40
817,3514,Student_817,7,57,No,0,9,6,33
818,8701,Student_818,9,91,Yes,4,5,7,41
819,1100,Student_819,8,75,No,3,11,7,43
820,5646,Student_820,5,97,Yes,4,13,5,53
821,7945,Student_821,4,75,No,2,15,7,49
822,3400,Student_822,7,72,Yes,0,5,6,39
823,6801,Student_823,5,92,Yes,3,14,5,49
824,3343,Student_824,7,62,Yes,0,18,8,58
825,1352,Student_825,1,77,Yes,2,17,5,45
826,3955,Student_826,1,58,Yes,0,8,6,38
827,2018,Student_827,3,69,No,0,18,5,50
828,2179,Student_828,2,68,No,1,7,5,37
829,6193,Student_829,2,97,No,0,9,6,44
830,4536,Student_830,7,88,Yes,4,11,5,47
831,3502,Student_831,2,61,No,3,12,5,36
832,4819,Student_832,4,64,Yes,1,17,6,46
833,7855,Student_833,2,80,Yes,3,6,7,39
834,1979,Student_834,6,63,Yes,3,11,6,45
835,1976,Student_835,8,60,No,2,18,5,43
836,3280,Student_836,4,75,Yes,2,18,8,51
837,6897,Student_837,5,91,No,1,5,8,39
838,1107,Student_838,4,76,No,2,11,6,41
839,2626,Student_839,3,60,Yes,2,12,8,41
840,9895,Student_840,5,87,Yes,2,6,5,43
841,7229,Student_841,9,83,No,3,13,5,48
842,7877,Student_842,8,92,No,1,5,6,43
843,1874,Student_843,8,68,No,3,17,5,49
844,6543,Student_844,8,55,No,4,10,7,37
845,4809,Student_845,8,95,No,3,5,5,43
846,3107,Student_846,7,87,No,4,7,6,41
847,1559,Student_847,8,98,Yes,0,15,7,64
848,9308,Student_848,8,91,No,0,10,7,57
849,5969,Student_849,8,77,No,4,7,8,42
850,4046,Student_850,7,50,No,4,12,5,36
851,1043,Student_851,1,84,No,3,9,6,41
852,1508,Student_852,4,89,Yes,4,6,8,39
853,7107,Student_853,4,57,Yes,1,8,8,37
854,4439,Student_854,5,96,No,0,13,5,49
855,4928,Student_855,6,56,No,0,8,5,35
856,6411,Student_856,4,60,No,4,14,6,37
857,1916,Student_857,2,88,Yes,2,14,8,50
858,1798,Student_858,6,53,Yes,2,12,6,34
859,5971,Student_859,8,74,Yes,4,9,8,40
860,2760,Student_860,8,61,Yes,1,15,8,50
861,4275,Student_861,7,75,Yes,2,15,8,49
862,1818,Student_862,6,87,Yes,4,14,5,53
863,6040,Student_863,2,95,No,1,17,8,53
864,4065,Student_864,7,61,Yes,1,17,8,52
865,4259,Student_865,5,92,Yes,3,18,8,56
866,1906,Student_866,6,86,No,1,19,7,58
867,1602,Student_867,8,95,Yes,2,5,5,39
868,5295,Student_868,8,73,No,2,11,7,43
869,4527,Student_869,3,65,Yes,4,7,5,31
870,5543,Student_870,7,62,No,4,14,6,45
871,2811,Student_871,1,74,No,1,12,7,43
872,8963,Student_872,1,53,No,0,18,6,39
873,6249,Student_873,7,60,No,3,16,8,45
874,5615,Student_874,9,81,No,0,7,6,40
875,9916,Student_875,7,98,Yes,1,5,6,48
876,7766,Student_876,5,56,Yes,1,9,6,40
877,1802,Student_877,8,95,No,0,6,6,40
878,3582,Student_878,2,60,No,3,15,5,42
879,7445,Student_879,9,77,No,0,8,7,41
880,4837,Student_880,6,90,Yes,4,5,5,39
881,9718,Student_881,9,72,No,2,13,5,45
882,2665,Student_882,2,94,No,4,10,5,48
883,9651,Student_883,3,72,No,2,12,6,38
884,7975,Student_884,8,99,No,1,15,5,58
885,3552,Student_885,1,77,Yes,3,8,7,35
886,8475,Student_886,7,92,No,0,13,5,47
887,3808,Student_887,7,96,No,3,6,8,45
888,6633,Student_888,1,75,Yes,0,13,6,45
889,7096,Student_889,9,74,No,4,16,8,42
890,9823,Student_890,8,78,No,4,9,7,46
891,3456,Student_891,4,68,Yes,0,17,7,44
892,6423,Student_892,5,82,Yes,3,10,7,45
893,5317,Student_893,2,85,Yes,0,7,7,46
894,2556,Student_894,9,63,No,1,8,5,44
895,3205,Student_895,6,63,No,4,10,6,36
896,4955,Student_896,3,84,Yes,1,11,7,43
897,7805,Student_897,7,79,Yes,4,5,8,44
898,1404,Student_898,9,77,Yes,4,11,7,49
899,2620,Student_899,3,66,No,2,5,6,29
900,3952,Student_900,2,52,No,1,9,8,31
901,9080,Student_901,7,65,Yes,1,10,8,41
902,4118,Student_902,7,95,No,2,17,8,57
903,8380,Student_903,4,79,Yes,3,6,5,38
904,7630,Student_904,9,78,No,1,19,7,55
905,1565,Student_905,8,94,No,0,19,5,58
906,5799,Student_906,1,64,No,2,17,8,47
907,8670,Student_907,1,95,No,1,14,5,44
908,3868,Student_908,5,74,Yes,3,13,5,44
909,9776,Student_909,6,87,No,1,18,5,49
910,5327,Student_910,3,91,No,4,14,7,49
911,7413,Student_911,9,96,Yes,0,10,8,48
912,8614,Student_912,6,87,No,2,11,8,50
913,2245,Student_913,4,72,Yes,4,18,7,47
914,9243,Student_914,7,74,Yes,3,19,5,48
915,1537,Student_915,8,91,No,4,14,5,49
916,1540,Student_916,9,56,No,4,19,6,52
917,1814,Student_917,6,71,Yes,3,12,6,46
918,2415,Student_918,6,66,Yes,4,15,6,40
919,2652,Student_919,8,67,Yes,2,19,7,50
920,5062,Student_920,5,98,No,1,17,8,57
921,3356,Student_921,3,90,Yes,4,14,6,57
922,4810,Student_922,3,59,Yes,2,5,8,30
923,1185,Student_923,6,59,Yes,1,18,8,48
924,2551,Student_924,2,56,No,1,12,8,42
925,8013,Student_925,6,97,Yes,4,8,7,48
926,1761,Student_926,6,99,No,2,14,7,57
927,7163,Student_927,8,87,No,4,12,7,46
928,8635,Student_928,7,76,Yes,3,17,7,53
929,4281,Student_929,8,82,No,1,19,6,60
930,2536,Student_930,9,50,Yes,4,10,5,35
931,7201,Student_931,6,93,No,1,15,5,56
932,4164,Student_932,3,83,No,2,13,5,46
933,3770,Student_933,3,53,Yes,0,15,6,39
934,8399,Student_934,1,66,Yes,4,8,5,33
935,4845,Student_935,5,53,Yes,4,6,6,33
936,4435,Student_936,4,92,No,1,18,6,57
937,5710,Student_937,9,75,No,2,6,6,38
938,1561,Student_938,9,53,Yes,3,9,5,30
939,5717,Student_939,5,50,Yes,2,14,8,36
940,8623,Student_940,4,56,No,4,13,5,32
941,8187,Student_941,7,79,No,3,16,5,48
942,3180,Student_942,6,99,No,2,7,7,45
943,2960,Student_943,4,58,Yes,0,12,6,36
944,4879,Student_944,2,84,No,1,8,8,44
945,6153,Student_945,1,57,Yes,2,10,7,32
946,8035,Student_946,4,73,No,2,14,8,42
947,4270,Student_947,4,68,No,0,10,8,41
948,5687,Student_948,1,85,Yes,4,7,6,42
949,1582,Student_949,6,99,Yes,1,18,5,66
950,1288,Student_950,4,92,Yes,2,9,6,48
951,6664,Student_951,1,76,No,3,16,6,50
952,8979,Student_952,1,81,No,2,7,7,34
953,4859,Student_953,1,63,No,1,15,6,48
954,4060,Student_954,8,67,Yes,2,19,5,47
955,2183,Student_955,8,77,No,0,15,8,50
956,5335,Student_956,2,78,Yes,2,19,6,54
957,2446,Student_957,7,65,Yes,2,5,8,32
958,7679,Student_958,8,84,Yes,3,11,6,45
959,7213,Student_959,8,96,No,0,8,8,46
960,2903,Student_960,7,80,No,0,18,6,53
961,8894,Student_961,5,53,Yes,2,11,7,42
962,3377,Student_962,1,86,No,3,7,8,39
963,1847,Student_963,9,66,Yes,2,16,6,48
964,8370,Student_964,7,88,Yes,2,19,6,50
965,7341,Student_965,2,97,No,1,19,7,59
966,2239,Student_966,6,95,Yes,1,15,7,59
967,6600,Student_967,2,75,Yes,3,9,7,35
968,5791,Student_968,1,97,No,4,9,8,44
969,3365,Student_969,7,88,Yes,1,19,8,61
970,6055,Student_970,2,90,Yes,4,17,7,57
971,6622,Student_971,2,53,Yes,0,6,5,28
972,1372,Student_972,5,79,Yes,1,15,5,47
973,8783,Student_973,5,79,Yes,1,14,6,48
974,2949,Student_974,7,71,Yes,3,16,5,53
975,1244,Student_975,1,60,Yes,4,6,6,33
976,8795,Student_976,8,51,No,1,8,8,35
977,6772,Student_977,3,93,No,1,19,8,61
978,1124,Student_978,4,61,Yes,3,8,5,27
979,2919,Student_979,9,79,Yes,3,8,8,47
980,1530,Student_980,4,85,No,4,10,7,40
981,8849,Student_981,5,67,No,0,6,7,41
982,7929,Student_982,7,75,No,0,10,5,39
983,5349,Student_983,4,56,No,2,11,5,32
984,5756,Student_984,1,50,No,1,15,6,39
985,2801,Student_985,9,75,Yes,4,14,8,53
986,6156,Student_986,4,72,No,1,7,6,35
987,8856,Student_987,9,75,No,4,15,6,49
988,6461,Student_988,6,94,No,4,16,7,56
989,6302,Student_989,1,55,Yes,4,12,7,38
990,8432,Student_990,3,55,Yes,1,6,7,31
991,7189,Student_991,2,93,Yes,3,15,7,54
992,2142,Student_992,9,57,Yes,1,12,6,47
993,8076,Student_993,1,73,Yes,4,17,7,44
994,8614,Student_994,9,71,Yes,2,15,8,49
995,5840,Student_995,9,68,No,0,9,7,42
996,2629,Student_996,8,86,Yes,4,6,7,40
997,6062,Student_997,8,67,Yes,2,11,7,39
998,1762,Student_998,1,80,No,3,18,5,51
999,7905,Student_999,8,86,Yes,4,6,8,37
1000,5889,Student_1000,3,79,No,2,18,8,51
